headline,url,summary
"UK town sees nearly 200 homes evacuated over potential explosives threat, 2 men arrested",https://www.foxnews.com/world/uk-town-sees-nearly-200-homes-evacuated-over-potential-explosives-threat-2-men-arrested,"A major incident was declared in Derby, England, after police executed a warrant on Vulcan Street and arrested two men on suspicion of explosive offenses."
Former Biden advisor questions internal 'incentive' for Congress to reopen government,https://www.foxnews.com/video/6384484063112,'Special Report' panelists discuss how Americans are feeling the impacts of the government shutdown and the legality of President Donald Trump's tariffs.
TREY GOWDY: China is misjudging Trump on trade. It may soon be very surprised,https://www.foxnews.com/opinion/trey-gowdy-china-misjudging-trump-trade-may-soon-surprised,President Donald Trump threatens 100% tariffs on Chinese imports after China threatens U.S. rare earth mineral access as meeting with Xi Jinping is off.
Former DHS advisor says IL leadership's refusal to accept help from Trump admin is out of 'hatred of the President',https://www.foxnews.com/video/6382658981112,Former Homeland Security advisor Chuck Marino discusses Illinois leadership's consistent refusal to receive help from the Trump administration to crack down on crime on 'Fox Report.'
"These random attacks have nothing to do with oversight, deputy attorney general says",https://www.foxnews.com/video/6382234252112,Deputy Attorney General Todd Blanche discusses Attorney General Pam Bondi's interaction with Democratic senators on Capitol Hill and efforts to stop crime on 'Hannity.'
Ford CEO highlights importance of youth learning trades,https://www.foxnews.com/video/6382066701112,Graham Industries owner Matt Graham joins 'Fox & Friends Weekend' to discuss the importance of American youth learning and entering careers in trades and the benefits of working with his son.
911 audio of Iryna Zarutska attack released,https://www.foxnews.com/video/6380645062112,WARNING: Graphic content — Fox News correspondent Christina Coleman reports on newly released 911 calls made after Ukrainian refugee Iryna Zarutska was stabbed on a Charlotte light rail train on 'Jesse Watters Primetime.'
Former FBI investigator sounds alarm about threat of political violence after Michigan church attack,https://www.foxnews.com/video/6380293132112,Former FBI investigator Bill Daly discusses the threat of political violence in America after a deadly Michigan church attack on ‘The Will Cain Show.’
DOJ defends indictment of former FBI Director James Comey,https://www.foxnews.com/video/6380156855112,Deputy Attorney General Todd Blanche joins ‘America Reports’ to discuss the indictment of former FBI Director James Comey.
Unprovoked broad daylight Seattle stabbing caught on video,https://www.foxnews.com/video/6379983123112,Seattle police arrested a suspect who allegedly tried to flee responding officers near the scene and has a rap sheet going back decades. (Credit: Seattle Police Department)
"This is an 'embarrassing moment' for Britain, says UK journalist",https://www.foxnews.com/video/6379731931112,British journalist and Royal expert Jonathan Sacerdoti joins 'Fox & Friends' to discuss President Donald Trump's negotiations with United Kingdom Prime Minister Keir Starmer.
"Republicans will continue winning but only if they solve crime in their own states, attorney argues",https://www.foxnews.com/video/6379506019112,"Panelists Mehek Cooke and Julian Epstein weigh in on President Donald Trump extending his crime crackdown to Memphis, Tennessee, on 'Fox News @ Night.'"
"Police presence among 'best crime deterrents,' Vermont law enforcement officer says",https://www.foxnews.com/video/6378557553112,"Vermont law enforcement officer Jimmy Baldea spoke with Fox News Digital about the crime rates in Vermont, and said that a police presence is one of ""the best crime deterrents."""
Vivek Ramaswamy worried about Gen Z's relationship to free speech,https://www.foxnews.com/video/6379284501112,Ohio GOP gubernatorial candidate Vivek Ramaswamy remembers Turning Point USA founder Charlie Kirk on ‘The Ingraham Angle.’
Video appears to show person of interest in Charlie Kirk assassination,https://www.foxnews.com/video/6379188898112,"A video appears to show a person of interest in the Charlie Kirk assassination walking near Utah Valley University before the shooting on Sept. 10, 2025. (Credit: TMZ)"
Charlie Kirk remembered as 'one of the great patriots' of the century,https://www.foxnews.com/video/6379114065112,Fox News contributor Joe Concha reflects on Charlie Kirk's impact on the conservative movement.
"Charlie Kirk's message was one of love, Jesus Christ and prayer, says Jason Chaffetz",https://www.foxnews.com/video/6379063964112,Fox News contributor Jason Chaffetz reflects on Charlie Kirk’s life and legacy on 'The Will Cain Show.'
Media accused of 'politicizing' brutal slaying of Ukrainian refugee,https://www.foxnews.com/video/6378928577112,'Outnumbered' panelists weigh in after liberal media outlets claimed the video showing the murder of Ukrainian refugee Iryna Zarutska added fuel to President Donald Trump's crackdown on crime.
Democrats outraged over Trump's possible crime crackdown in Chicago,https://www.foxnews.com/video/6378807965112,'The Will Cain Show' host Will Cain joins 'America's Newsroom' to discuss Democrats' defiance to federal help in Chicago as residents in the Windy City battle rampant violence.
Florida sheriff says 14-year-old girl would have not been sexually assaulted if illegal immigrant was stopped at the border,https://www.foxnews.com/video/6378544735112,The Pasco Sheriff's Office announced the arrest of a 53-year-old illegal immigrant who allegedly had forced sex with a 14-year-old girl. (Credit: Pasco Sheriff's Office)
Video shows 'missing minute' from previous Epstein jail camera release,https://www.foxnews.com/video/6378228385112,"Video shows a minute that was missing during a previous release of surveillance camera video files in Jeffrey Epstein's jail area in the Metropolitan Correctional Center. That minute lasted from 11:58:59 to midnight on August 10, 2019."
Rep. Malliotakis calls for ‘bipartisan’ work in Congress to avoid government shutdown,https://www.foxnews.com/video/6377937855112,"Rep. Nicole Malliotakis, R-N.Y., discusses President Donald Trump’s crime crackdown in Washington, D.C., and reveals how Congress can avoid a government shutdown on ‘Fox News Live.’"
Trump calls on GOP to push ‘comprehensive’ crime bill,https://www.foxnews.com/video/6377674583112,"Rep. Brian Fitzpatrick, R-Pa., joins ‘Fox & Friends’ to respond to President Donald Trump’s call for lawmakers to craft a bill aimed at curbing crime across the country."
"Union Station takeover is 'long overdue,' Byron Donalds says",https://www.foxnews.com/video/6377544741112,"Florida gubernatorial candidate Rep. Byron Donalds, R-Fla., weighs in on the Trump administration's takeover of Union Station and the Minnesota Catholic school shooting on 'The Ingraham Angle.'"
Crime-ridden blue cities struggle to combat shrinking police forces as feds step in to clean up chaos,https://www.foxnews.com/video/6377455751112,"Blue cities that lost historic numbers of police officers beginning in 2020 have yet to recover due to far-left, anti-police policies, a top leader of the National Fraternal Order of Police (FOP) says."
Petition supporting illegal migrant trucker reaches 2.6 million signatures,https://www.foxnews.com/video/6377355429112,Former Acting DHS Secretary Chad Wolf reacts to a petition calling for leniency for an illegal migrant accused of killing three people on 'Fox & Friends.'
"Trump picks Chicago as next U.S. city to clean up, lower crime",https://www.foxnews.com/video/6377254560112,"President Donald Trump speaks from the Oval Office, touting his Washington, D.C., crime crackdown and naming Chicago as the next city he plans to clean up."
"'Maniacs': Protesters scream at Vance, Hesgesth in DC",https://www.foxnews.com/video/6377186566112,"'Fox & Friends' co-hosts react to Vice President Vance and Sec. Hegseth's confrontation with protesters in Washington, D.C. during a visit with National Guard."
Honor procession for Utah policemen killed in the line of duty,https://www.foxnews.com/video/6377039300112,A procession of honor for two Tremonton Police Officers who were killed overnight arrives at the Office of the Medical Examiner in Salt Lake City. (Obtained by Fox News Digital)
National Guard troops stand guard outside DC's Union Station as their presence ramps up in nation's capital,https://www.foxnews.com/video/6376937173112,National Guard troops gather outside D.C.’s Union Station as the Trump administration boosts its presence in the nation’s capital to curb crime. (Alec Schemmel/Fox News Digital)
John Yoo urges DC mayor to ‘look at the Constitution’,https://www.foxnews.com/video/6376887942112,Former Deputy Assistant Attorney General John Yoo discusses President Donald Trump’s federal takeover of D.C. police and more on ‘The Story.’
Trump goes out of the way to protect reporters who call him a 'dictator': Kilmeade,https://www.foxnews.com/video/6376812199112,"Fox News' Brian Kilmeade discusses President Donald Trump's redecorating prowess in the White House, his moves to clean up crime in Washington, D.C. and the reaction from Democrats on 'Jesse Watters Primetime.'"
Trump administration demands Colorado turn over alleged Tren de Aragua killer,https://www.foxnews.com/video/6376702201112,'Outnumbered' discusses Colorado's illegal immigration problem after a Tren de Aragua gang member allegedly shot multiple victims during a domestic dispute.
NYC gunman seen inside Vegas apartment in 2024 after mother called 911,https://www.foxnews.com/video/6376617376112,"Las Vegas police responded to New York City gunman Shane Tamura Aug. 10, 2024, inside his Nevada apartment, after his mother called 911 to report self-harm threats. (Las Vegas Police Department)"
"Tennessee quadruple murder victims 'trusted' suspect Austin Drummond, relative says",https://www.foxnews.com/video/6376489019112,Fox News' Madison Scarpino provides details on the charges facing quadruple murder suspect Austin Drummond as the manhunt continues.
The trade deal countdown is on,https://www.foxnews.com/video/6376413552112,Fox News national correspondent Griff Jenkins reports on the upcoming trade deal deadlines and the 'Pelosi Act' on 'Special Report.'
Jimmy Hoffa’s family to President Trump: Release the Hoffa FBI files,https://www.foxnews.com/video/6376330929112,Eric Shawn’s exclusive Fox Nation interview with Hoffa’s son James P. Hoffa. He reveals who he thinks was behind the murder.
LIZ PEEK: Trump's major trade wins could be rocket fuel to US economy,https://www.foxnews.com/opinion/liz-peek-trumps-major-trade-wins-could-rocket-fuel-us-economy,"Despite criticism from economists, it's clear that Trump's trade policies challenge conventional wisdom as tariff revenues flow into the Treasury and companies consider US production."
Sec. Lutnick touts Trump's 'fantastic' tariff plan as Aug. 1 deadline approaches,https://www.foxnews.com/video/6376201369112,"Commerce Secretary Howard Lutnick joins 'Fox News Sunday' to weigh in on President Donald Trump's tariff plan, a potential EU deal and requirements for TikTok to remain in the U.S. through American ownership."
Investigators reveal they did not find a motive in Bryan Kohberger's killings,https://www.foxnews.com/video/6376031390112,"Investigators tell Fox News Digital they did not uncover a motive for Bryan Kohberger's brutal slayings of four University of Idaho students following his sentencing hearing in Boise, Idaho on July 23, 2025."
"Sanctuary city politicians have 'blood on their hands,' says DHS official",https://www.foxnews.com/video/6375967328112,Assistant DHS Sec. Tricia McLaughlin criticizes sanctuary city policies after Megan Bos's body was discovered in a storage container at an illegal immigrant's home in Illinois and two migrants attacked a CBP officer in New York City.
Trump admin pushes back on criticism over handling of Epstein Files,https://www.foxnews.com/video/6375768441112,White House Press Secretary Karoline Leavitt dismissed questions about transparency in the Jeffrey Epstein case.
Trump 'insulated' himself from criticism over new deal with NATO by labeling it a 'sale' of US weapons,https://www.foxnews.com/video/6375655739112,Fox News senior White House correspondent Jacqui Heinrich reports on the new deal President Donald Trump worked out with NATO that would provide equipment assistance to Ukraine on 'Special Report.'
"Abrego Garcia's possible deportation would save money for taxpayers and justice system, attorney says",https://www.foxnews.com/video/6375483650112,Fox News contributor Donna Rotunno joins 'Fox & Friends First' to discuss the latest on the Abrego Garcia case and why she is not surprised about the verdict in the prep school lacrosse player murder case.
Farmer calls Trump’s lifting of H-2 visa program restrictions ‘another win’,https://www.foxnews.com/video/6375275871112,Fourth generation farmer Andrew Leimgruber discusses President Donald Trump’s new tariff and trade policies that seek to help American farmers on ‘Fox & Friends Weekend.’
Ted Williams wants answers as part of any plea deal for Bryan Kohberger,https://www.foxnews.com/video/6375070041112,"Any plea deal for Bryan Kohberger should force the suspected quadruple murderer to explain the how and why, says Ted Williams, a former DC homicide detective and Fox News contributor."
'The Five': Tehran threatens to close key trade route,https://www.foxnews.com/video/6374768724112,'The Five' discusses Tehran threatening to shut down the Strait of Hormuz as the world awaits more of its retaliation.
Disturbing video shows suspected TdA gang members brandish guns at Colorado apartment complex,https://www.foxnews.com/video/6374496747112,"Doorbell footage shows suspected Tren de Aragua gang members carrying guns and knocking on a door inside a Colorado apartment complex on June 9, Aurora Police Chief Todd Chamberlain said during a press conference Tuesday. (Credit: Aurora Police)"
"California Gov. Newsom was not 'proactive' in preventing riots, former LA County sheriff's deputy says",https://www.foxnews.com/video/6374261206112,"Los Angeles County GOP vice chair and former sheriff's deputy Patrick Gipson issued a scathing rebuke of state and local leadership, accusing officials of negligence amid the protests in the city."
"Federal, local officials share arrest details for suspects accused of throwing Molotov cocktails at officers during LA riots",https://www.foxnews.com/video/6374139252112,"Officials with the U.S. Attorney's Office, ATF and LAPD on Wednesday afternoon shared more information about two suspects accused of throwing Molotov cocktails at police officers during Los Angeles riots over the weekend."
Alleged MS-13 member Abrego Garcia faces smuggling charges after return to US,https://www.foxnews.com/video/6374053869112,"Fox News' Madison Scarpino provides details on the charges against alleged MS-13 member Kilmar Abrego Garcia. Fox News legal editor Kerri Urbahn weighs in after Sen. Chris Van Hollen, D-Md., declared his return to the U.S. a 'victory.'"
"‘The Five’: Dems, liberal media have some 'big questions to answer' after Kilmar Abrego Garcia charged",https://www.foxnews.com/video/6373964505112,‘The Five’ co-hosts unpack the Justice Department announcing charges against Salvadoran national Kilmar Abrego Garcia.
FBI warns Chinese ‘agroterrorism’ threat could target US food supply,https://www.foxnews.com/video/6373871919112,The ‘Outnumbered’ panel weighs in after Chinese nationals were charged with smuggling a dangerous biological pathogen into the United States.
Karen Read challenges officer’s testimony in tense murder trial,https://www.foxnews.com/video/6373798701112,"Karen Read criticizes Boston Police Officer Kelly Dever's testimony in her murder trial, alleging dishonesty and denying threats from the defense team. (Richard Beetham for Fox News Digital)"
Six illegal immigrants charged in South Carolina mother's murder that 'shocks the conscience': former SC attorney general,https://www.foxnews.com/video/6373541572112,Former South Carolina Attorney General Charlie Condon says six illegal immigrants charged in the random murder of a local mother 'shocks the conscience.'
Crash expert defends 'blue paint' experiment in Karen Read trial,https://www.foxnews.com/video/6373580533112,Dr. Judson Welcher testified on cross-examination that his experiment using a Lexus SUV and blue paint to depict Karen Read's alleged collision with John O'Keefe was reputable after attorney Robert Alessi looked to poke holes in the claims. (Pool)
"Italian tourist allegedly kidnapped, tortured for crypto in NYC",https://www.foxnews.com/video/6373428943112,Fox News’ Chanley Painter reports on a crypto investor arrested in connection with an Italian tourist who claims he was kidnapped and tortured for weeks in a New York City apartment before escaping.
'Worst fears coming true': American Jewish Community CEO reacts to fatal Israeli shooting,https://www.foxnews.com/video/6373222267112,American Jewish Community CEO Ted Deutch joins 'Fox & Friends' to discuss the fatal shooting for two Israeli diplomats outside of a Jewish museum in Washington D.C.
'Tiptoe lightly': Tulsa County sheriff sends warning to escaped NOLA inmates,https://www.foxnews.com/video/6373107063112,Tulsa County Sheriff Vic Regalado discusses the manhunt for escaped New Orleans inmates on 'Fox & Friends'
Gap in reporting time for escaped New Orleans inmates is ‘extremely concerning’: Louisiana attorney general,https://www.foxnews.com/video/6372927059112,Louisiana Attorney General Liz Murrill discusses the ongoing manhunt for escaped inmates from a New Orleans prison on ‘The Story.’
'Bodega brothel' across from school in AOC's 'Red Light' district shut down,https://www.foxnews.com/video/6372807057112,A well-known local brothel near a school in Rep. Alexandria Ocasio-Cortez's 'Red Light' district in Queens has been shut down
Trump warns trade talks with EU will be tough after reaching deal with China,https://www.foxnews.com/video/6372708593112,The 'Outnumbered' panel discusses the latest on the Trump administration's trade deal with China as the president warns negotiations with the European Union will be 'nastier.'
Tough-on-crime DA uses lessons learned from mass shooting cases to protect public,https://www.foxnews.com/video/6372548815112,Republican District Attorney George Brauchler says his experience from covering mass shooting cases as a prosecutor makes him the right guy for this role in Colorado.
Prosecution plays Karen Read's voicemails to John O'Keefe during trial,https://www.foxnews.com/video/6372432293112,"Prosecutor Hank Brennan plays Karen Read's voicemails to John O'Keefe from the morning of his death during her murder trial on Tuesday, May 6, 2025. (Pool)"
"China open to talks with Trump admin on lowering tariffs, ministry says",https://www.foxnews.com/world/china-open-talks-trump-admin-lowering-tariffs-ministry-says,"China said on Friday that it was ""evaluating"" a U.S. offer to hold talks on tariffs, signaling a possible shift in the trade war between the world's two largest economies."
CT police make arrest after woman found dismembered in suitcase,https://www.foxnews.com/video/6372080428112,"Police in Groton, Connecticut, had arrested Donald Coffel after a woman was found dismembered in a suitcase last month."
Trump kicks off whirlwind week marking his 100th day back in the Oval Office,https://www.foxnews.com/politics/trump-kicks-off-whirlwind-week-marking-his-100th-day-back-oval-office,"President Donald Trump's 14th week in office will also mark his 100th day back in the Oval Office, which he will celebrate in Michigan during a rally."
Texas wildlife refuge renamed in honor of Jocelyn Nungaray,https://www.foxnews.com/video/6371901280112,"Interior Secretary Doug Burgum speaks at a ceremony renaming a Texas wildlife refuge for Jocelyn Nungaray, a 12-year-old Houston girl who was killed in June 2024 by two alleged illegal immigrants affiliated with Tren de Aragua."
"Rachel Morin's mom slams media silence: 'I couldn't save my daughter, but I can speak out'",https://www.foxnews.com/video/6371804501112,"Rachel Morin’s mother, Patty, discussed her White House appearance and what's next in her journey with Fox News Digital."
"Meloni meets Trump, vows to help make the West ‘great again’",https://www.foxnews.com/video/6371643897112,"Carlo Fidanza, member of the European Parliament, joins ‘Fox & Friends’ to break down President Donald Trump’s meeting with Italian Prime Minister Giorgia Meloni and what it signals for the future of U.S.-Europe relations."
Mailman's mom warns son's killer will strike again thanks to lenient plea deal,https://www.foxnews.com/video/6371575061112,"Manhattan DA Alvin Bragg's office offered a sentence of 15 years to Jaia Cruz in exchange for pleading guilty to fatally stabbing US Mailman Ray Hodge in a Harlem sandwich shop, despite fierce opposition from his family."
Jury selection resumes in retrial of Karen Read,https://www.foxnews.com/video/6371518267112,Fox News correspondent Molly Line and Fox News legal editor Kerri Urbahn provide the latest updates in the retrial for Karen Read on 'America's Newsroom.'
Secretary Lutnick has a message for tariff nay-sayers,https://www.foxnews.com/video/6371423847112,Commerce Secretary Howard Lutnick says the United States is the buyer in the world's economy and is in control amid tariff negotiations on 'My View with Lara Trump.'
Kevin O’Leary: China cannot do without America,https://www.foxnews.com/video/6371325293112,Shark Tank investor Kevin O’Leary joins ‘The Story’ to discuss President Donald Trump’s tariffs on China.
"Three Americans transferred from Congo to US, one arrested in Utah, charged with coup to overthrow government",https://www.foxnews.com/us/americans-transferred-from-congo-us-one-arrested-utah-charged-coup-overthrow-government,"Three Americans sentenced to life in prison in Congo were transferred to the U.S., and another was arrested in Utah in connection with an armed coup to overthrow DRC government."
White House on tariff deals: 'All options are on the table for each country',https://www.foxnews.com/video/6371231184112,"White House Press Secretary Karoline Leavitt says President Donald Trump is “very much focused on ensuring that these deals are good for the American worker."""
UK prime minister to admit ‘globalization is over’ in response to Trump tariffs: report,https://www.foxnews.com/politics/uk-prime-minister-admit-globalisation-over-response-trump-tariffs-report,UK Prime Minister Keir Starmer is expected to give an address Sunday in which he will admit the rationale behind President Donald Trump's tariffs and ending globalism.
"FLASHBACK: 30 years ago, Nancy Pelosi demanded Congress confront Chinese tariffs on American goods",https://www.foxnews.com/media/flashback-30-years-ago-nancy-pelosi-demanded-congress-confront-chinese-tariffs-american-goods,"Old videos show Rep. Nancy Pelosi, D-Calif., and Sen. Bernie Sanders, I-Vt., defending the use of U.S. tariffs to protect U.S. workers, while today they oppose Trump's tariffs."
Jesse Watters: Fair trade is part of the ‘bigger’ Trump package,https://www.foxnews.com/video/6370952191112,Fox News host Jesse Watters traces the roots of the global trade imbalance and praises President Donald Trump’s ‘Liberation Day’ tariffs on ‘Jesse Watters Primetime.’
Police question Kimberly Sullivan at scene of fire,https://www.foxnews.com/video/6370888930112,"Kimberly Sullivan tells police her stepson, whom she allegedly locked in a storage closet for 20 years, was free to leave the room as he pleased. (Courtesy: Waterbury Police Department)"
"Chicago's political elite is 'in love with criminality,' says Raymond Lopez",https://www.foxnews.com/video/6370800795112,Chicago Alderman Raymond Lopez discusses Chicago becoming the U.S. murder capital for the 13th year in a row on 'Fox Report.'
Pam Bondi: This top MS-13 leader was living among us,https://www.foxnews.com/video/6370659340112,Attorney General Pam Bondi discusses the takedown of an alleged MS-13 leader on 'The Ingraham Angle.'
Trump argues he has authority to deport migrant criminals,https://www.foxnews.com/video/6370346351112,Fox News senior White House correspondent Peter Doocy has the latest on the deportation flights of alleged gang members on 'Special Report.'
Forbes chairman lays out tax plan for 'gold on the horizon',https://www.foxnews.com/video/6370128940112,Forbes chairman Steve Forbes weighs in on U.S. markets and global tariff tensions on 'Sunday Night in America.'
Brit Hume discusses inflation and the state of the economy as tariffs increase,https://www.foxnews.com/video/6369944697112,Fox News chief political analyst Brit Hume breaks down the annual inflation rate and the effects of retaliatory tariffs on 'Special Report.'
"Trump tariffs will 'bring back' businesses to the US, Maryland congressman argues",https://www.foxnews.com/video/6369820315112,"Rep. Andy Harris, R-Md., highlights House Democrats' outlook on a stopgap bill and praises President Donald Trump's tariffs on 'Fox Report.'"
James Carville explains why latest Trump move has him wanting to ‘punch the computer in frustration’,https://www.foxnews.com/media/james-carville-fights-urge-start-punching-my-computer-over-gops-support-tariffs,Longtime Democratic Party strategist James Carville scorched President Trump and Republicans for changing their tune on the economic consequences of the policies they ran on.
"Bondi demands all Epstein documents be released, accuses FBI of withholding files",https://www.foxnews.com/video/6369420250112,Fox News host Jesse Watters has the latest on the unexpected developments during 'phase 1' of the release of the Jeffrey Epstein files on 'Jesse Watters Primetime.'
Officials identify suspect in stabbing death of SoCal Fire captain,https://www.foxnews.com/video/6369121348112,The San Diego Sheriff's Office said they are searching for the wife of Cal Fire captain Rebecca Marodi as a suspect in her brutal murder. (Credit: KSWB)
University of Houston sexual assault suspect charged ahead of student protest,https://www.foxnews.com/video/6368758389112,"A man accused of sexually assaulting a student on the University of Houston campus Friday has been arrested and charged, according to FOX 26 Houston."
"Trump's tariffs on Mexico, Canada are the 'beginning of a negotiation,' says Kevin O'Leary",https://www.foxnews.com/video/6368197493112,O'Leary Ventures Chairman Kevin O'Leary joins 'Fox & Friends' to discuss his conversation with President Donald Trump regarding the tariffs on Canada and Mexico and Elon Musk's claim the U.S. Treasury approved fraudulent payments.
Economic expert reveals a 25% tariff on Canada and Mexico is ‘unlikely’,https://www.foxnews.com/video/6366480890112,Trump economic adviser Stephen Moore joins ‘Fox & Friends’ to provide professional analysis of the president-elect’s ongoing tariff threats.
"Trump utilizes America's 'strongest hand' with China on tariffs, Brian Brenberg says",https://www.foxnews.com/video/6365320978112,FOX Business' Brian Brenberg joined 'Fox & Friends First' to discuss the bigger picture with Trump's tariff threat and his take on possible record-breaking Black Friday sales.
Tren de Aragua gang members arrested in police raid at Texas apartment complex,https://www.foxnews.com/us/tren-de-aragua-gang-members-arrested-police-raid-texas-apartment-complex,San Antonio Police Chief William McManus confirmed four Tren de Aragua members were arrested during a raid on a vacant apartment complex.
English town of Southport clashes with police after three girls killed in stabbing,https://www.foxnews.com/video/6359642857112,Citizens of the town of Southport in Northwest England rioted against the police Tuesday after at least three girls were killed in a mass stabbing by a 17-year-old male the day prior. (Credit: Sky News via AP)
IMF deploys remaining $1.1B in Pakistan bailout funds,https://www.foxnews.com/world/imf-deploys-remaining-1-1b-pakistan-bailout-funds,The International Monetary Fund approved Monday the immediate release of the remaining $1.1 billion worth of bailout cash for Pakistan.
"UAE, other countries removed from international money laundering watchlist",https://www.foxnews.com/world/uae-other-countries-removed-international-money-laundering-watchlist,"The Financial Action Task Force, an international watchdog group aimed at combating money laundering and terrorism funding, has removed several countries from its ""gray list."""
Dominican Republic launching 4-day work week pilot program,https://www.foxnews.com/world/dominican-republic-launching-4-day-work-week-pilot-program,"The Dominican Republic will launch a voluntary, six-month pilot program shortening the country's current six-day work week this February."
"Cargo ship breaks down, hits bridge in Suez Canal",https://www.foxnews.com/world/cargo-ship-breaks-down-hits-bridge-suez-canal,"A cargo ship broke down Wednesday in Egypt's Suez Canal, crashing into a bridge in an incident that authorities note did not impede maritime traffic."
Crime-fighting mom who led campaign against prolific bike thief shocked by judge's decision,https://www.foxnews.com/world/crime-fighting-mom-led-campaign-prolific-bike-thief-shocked-judges-decision,"A U.K. mom who took fighting crime into her own hands when her son's bike was stolen said she's ""angry"" with the ""slap on the wrist"" sentencing for the alleged thief."
British Museum director resigns over alleged apathy toward claims of potential mass art theft,https://www.foxnews.com/world/british-museum-director-resigns-alleged-apathy-toward-claims-potential-mass-art-theft,"Hartwig Fischer, now-former director of the British Museum, announced his resignation Friday as investigators search for hundreds of items that may have gone missing as early as 2021."
5 fatally shot in St. Vincent as Caribbean island battles with surging crime rates,https://www.foxnews.com/world/5-fatally-shot-st-vincent-caribbean-island-battles-surging-crime-rates,Authorities in St. Vincent and the Grenadines said another five victims were killed as the Caribbean islands struggle with a surge in violent crime rates.
Green energy zealot 'Just Stop Oil' really means 'Just Stop Life',https://www.foxnews.com/opinion/green-energy-zealot-just-stop-oil-really-means-just-stop-life,"The “Just Stop Oil"" movement in Europe and spreading to the United States is a prime example of the unintended negative consequences of “good intentions."""
"Four reasons China hates the G7, or maybe China is just jealous",https://www.foxnews.com/opinion/four-reasons-china-hates-g7-maybe-china-jealous,"Four reasons China hates the G7, or maybe China is just jealous. Economic group stands in the way of President Xi’s plans for it to be world’s leading nation."
"Bahrain, Qatar restore relations after 6 year blockade",https://www.foxnews.com/world/bahrain-qatar-restore-relations-6-year-blockade,Bahrain and Qatar have restored diplomatic relations following a six-year blockade over the latter's support of Islamist groups in some countries during the Arab Spring.
"Poland promises relief as Ukrainian grain floods market, sinks prices",https://www.foxnews.com/world/poland-promises-relief-ukrainian-grain-floods-market-sinks-prices,Polish Agriculture Minister Henryk Kowalczyk pledged nearly $300 million in relief for grain farmers and traders experiencing hardship as Ukrainian grain floods markets.
Former Goldman Sachs banker gets 10 years for international money laundering scheme,https://www.foxnews.com/us/former-goldman-sachs-banker-gets-10-years-international-money-laundering-scheme,Former Goldman Sachs banker Roger Ng was sentenced to a decade in prison for his role in a scheme to loot billions of dollars from a Malaysian wealth fund.
Former British PM Truss brushes off Biden’s criticism of her budget: reports,https://www.foxnews.com/world/british-pm-truss-brushes-off-bidens-criticism-budget-reports,"Former British Prime Minister Liz Truss brushed off comments made by President Biden in October, criticizing her push to cut taxes for the country's highest earners."
"UK police forces spend thousands on rainbow cars, flags supporting LGBT community: 'woke nonsense'",https://www.foxnews.com/world/uk-police-forces-spend-thousands-rainbow-cars-flags-supporting-lgbt-community,"Police departments in the UK have spent thousands on merchandise supporting the gay community, prompting critics to call on departments to stop 'wasting money on woke nonsense.'"
Confusion erupts after Biden initially declines to discuss Poland missile incident at emergency roundtable,https://www.foxnews.com/media/confusion-erupts-after-biden-initially-declines-discuss-poland-missile-incident-emergency-roundtable,Conservatives on Twitter expressed confusion over President Biden initially declining to take reporters' questions about a missile which killed two people in Poland on Tuesday.
Caitlyn Jenner: It is imperative we don't make Pelosi attack a partisan issue,https://www.foxnews.com/video/6314532514112,Fox News contributor Caitlyn Jenner reacts to the attack on Paul Pelosi's on 'The Story with Martha MacCallum.'
Police officer's widow fears husband's killer could soon be released,https://www.foxnews.com/video/6314432495112,"Maureen Faulkner, widow of fallen police officer Daniel Faulkner, weighs in on the possible release of her husband's killer, the push to impeach Philadelphia DA Larry Krasner and John Fetterman's soft-on-crime stances."
RNC Chair Ronna McDaniel on GOP gaining midterm momentum: We're talking about issues that matter,https://www.foxnews.com/video/6314274906112,RNC Chairwoman Ronna McDaniel on the Republican Party running on Democrats' handling of crime and inflation.
Teen accused in Oxford school shooting expected to plead guilty,https://www.foxnews.com/video/6314144129112,"Oxford school shooting: Ethan Crumbley expected to plead guilty, prosecutors say, and faces a total of 24 charges."
"Liz Truss resigns: MSNBC, CNN, CBS blast conservative UK prime minister on way out the door",https://www.foxnews.com/media/liz-truss-resigns-msnbc-cnn-cbs-blast-conservative-uk-prime-minister-door,Liberal media networks ripped into UK Prime Minister Liz Truss after she announced her resignation following recent political and economic woes in the country.
Missing Quinton Simon: Chatham County investigators search landfill,https://www.foxnews.com/video/6313962139112,"Georgia police officials said Tuesday they had reason to believe Quinton Simon's body was discarded in a ""specific dumpster"" and transported to a local landfill by ""regular means."""
How can the US tackle the fentanyl crisis both at home and abroad?,https://www.foxnews.com/video/6313863961112,Former DEA Special Operations director Derek Maltz and author Gordon Chang examine who is to blame for America's fentanyl crisis on 'Fox News Live.'
Two suspects arrested in connection with killing of New York father,https://www.foxnews.com/video/6313758957112,"Criminal defense attorney Jonna Spilbor says there is no motive yet in the killing of Paul Kutz, who was gunned down at a Poughkeepsie hotel while visiting his son at Marist College."
What are the long-term effects of the Federal Reserve's rate hikes?,https://www.foxnews.com/video/6313668913112,B. Riley Wealth's Art Hogan gives economic outlook as price spikes persist despite the Federal Reserve's rate hikes on 'Your World.'
Nancy Grace speaks out on crime crisis afflicting America: 'We are helpless',https://www.foxnews.com/video/6313597047112,Fox Nation host Nancy Grace discusses the shooting in front of New York gubernatorial candidate Lee Zeldin's home and Fox Nation's new docuseries on the 1977 Girl Scout murders.
Democrats don't want to be held accountable for rising crime: Gianno Caldwell,https://www.foxnews.com/video/6313520265112,"Fox News political analyst Gianno Caldwell and contributor Sean Duffy, alongside FOX Business financial correspondent Jackie DeAngelis, discuss key issues and races for the midterm 2022 elections on 'Fox & Friends Weekend.'"
MSNBC says Hunter Biden's business dealings overseas don't necessarily break the law,https://www.foxnews.com/video/6313415322112,"A MSNBC report on ""Morning Joe"" Friday said Hunter Biden taking money from foreign governments on its face wasn't against the law, even if it looked bad."
"Widow of David Dorn calls out Cori Bush, leftist prosecutors",https://www.foxnews.com/video/6313342505112,"Ann Dorn slams Rep. Cori Bush and other Democrats for continuing to support the 'defund police' movement. Her husband, former St. Louis Police Capt. David Dorn, was killed by rioters in the summer of 2020."
California family kidnapping: Merced sheriff asks for public's help Identifying suspect,https://www.foxnews.com/video/6313257600112,Merced County Sheriff Vernon Warnke on Monday pleaded with the public for help identifying the suspect tied to a California family's disappearance.
Global elites are pushing for a future where your digital money can 'expire': Layah Heilpern,https://www.foxnews.com/video/6313142530112,Cryptocurrency expert Layah Heilpern sounds the alarm on Federal Reserve chairman Jerome Powell calling for digital currency regulation on 'Unfiltered with Dan Bongino.'
Philadelphia councilman calls out rampant crime in the state,https://www.foxnews.com/video/6312948472112,Philadelphia City Councilman David Oh joined 'The Ingraham Angle' to discuss the state's soft-on-crime policies and lax enforcement of the law.
"Debbie Collier is seen entering the Family Dollar store in Clayton, Georgia on September 10, 2022",https://www.foxnews.com/video/6312881975112,"Family Dollar is the last place Collier was seen alive. The 59-year-old office manager found stripped naked and burned in the woods off a rural highway earlier this month just down the road from here on September 11, 2022."
George Gascon’s policies ‘endanger residents of Los Angeles’: Jonathan Hatami,https://www.foxnews.com/video/6312795808112,L.A. County Deputy District Attorney Jonathan Hatami criticizes George Gascon’s policies as the D.A.’s office considers early release of a teenager who rammed into a mother and her baby in a hit-and-run.
Former Colombian president discusses 'failed' war on drugs,https://www.foxnews.com/video/6312714856112,"Former Colombian President Ivan Duque sat down for an exclusive interview with Fox News Digital, discussing some of the policies his successor has chosen to pursue, such as the potential legalization of cocaine."
"Lee Zeldin: Gov Kathy Hochul 'panders to far-left, pro-criminal allies'",https://www.foxnews.com/video/6312625441112,New York gubernatorial candidate Lee Zeldin said Democratic Gov. Kathy Hochul isn't doing enough to bring down crime in the state on 'Hannity.'
"Las Vegas police officer shoots, kills suspect who shot at her after traffic stop",https://www.foxnews.com/video/6312522565112,The officer tumbled to the ground after being shot but managed to fire four rounds at the suspect.
Zeldin believes he'll win governor's race as more NY Democrats back his campaign,https://www.foxnews.com/video/6312358534112,New York Republican gubernatorial candidate Lee Zeldin on migrants being bussed into New York City and some Democrats abandoning Gov. Kathy Hochul.
Geraldo on Las Vegas reporter killing: The death penalty is on the table',https://www.foxnews.com/video/6312264773112,'The Five' co-host Geraldo Rivera discusses Robert Telles being arranged on a murder charge while still receiving pay
Florida man attacks mother in front of 3 children at grocery store,https://www.foxnews.com/video/6312095962112,"A Florida man was caught on camera attacking and robbing a woman in front of her three small children at a North Lauderdale grocery store on Tuesday, according to authorities."
"Bill Barr warns ESG investment driving national policy, 'circumventing the Democratic process'",https://www.foxnews.com/media/bill-barr-warns-esg-investment-driving-national-policy-circumventing-democratic-process,Former Attorney General Bill Barr is calling out ESG investment policies as a potential breach of fiduciary duty that prioritizes politics over finances.
Eliza Fletcher suspect has criminal history of previous kidnapping,https://www.foxnews.com/video/6311906276112,Former Boston police superintendent and chief Dan Linskey on the search for Memphis jogger Eliza Fletcher
Chicago alderman: Lori Lightfoot knew migrants were arriving a week ago,https://www.foxnews.com/video/6311739464112,"Chicago Alderman Raymond Lopez slams mayor for statements that Abbott sending migrants is racist, says police officers are feeling unsupported in the city"
Rep. Michael Waltz: How about Biden gets some courage?,https://www.foxnews.com/video/6311643477112,"Rep. Michael Waltz, R-Fla., calls out Biden's irony when he called Democrats pro-police"
Two Phoenix police officers were shot by a suspect,https://www.foxnews.com/video/6311532667112,Two Arizona police officers were shot by a suspect who also killed two civilians. Police are still investigating but say the two officers are expected to survive.
Virginia counselor charged twice for sex crimes allowed to work for nearly 2 years,https://www.foxnews.com/video/6311396677112,"Fox News’ Mike Emmanuel reports on a Fairfax County, Virginia twice-convicted sex offender who was allowed to work for nearly two years before being fired."
Napa County District Attorney speaks on experience litigating Paul Pelosi's DUI case,https://www.foxnews.com/video/6311305569112,Napa County District Attorney Allison Haley sits down with Fox News Digital on seeing incorrect news narratives and facts while working on Paul Pelosi's DUI charges case.
Lawrence Jones asks Dog the Bounty Hunter about murder suspect 'on the run',https://www.foxnews.com/video/6311198848112,Duane 'Dog the Bounty Hunter' Chapman joins Fox News host Lawrence Jones to weigh in on a Missouri woman accused of shooting her husband and skipping bail on 'Lawrence Jones Cross Country.'
Karl Rove reveals the man behind the rise in crime,https://www.foxnews.com/video/6311074461112,Fox News contributor Karl Rove explains political mega-donor George Soros's impact on crime waves across the country on 'Jesse Watters Primetime.'
"GRAPHIC: Chicago hit-and-run leaves 3 dead, another seriously hurt",https://www.foxnews.com/video/6310961064112,"GRAPHIC WARNING: Three people were killed and a fourth was seriously injured during a hit-and-run crash outside a historic Chicago gay bar, officials have said."
Truth behind Mar-a-Lago raid will be revealed by release of the affidavit: Former DOJ trial attorney,https://www.foxnews.com/video/6310843703112,Former Department of Justice trial attorney Richard Serafini provides insight into the controversial FBI raid of former President Trump’s Mar-a-Lago estate on ‘Fox News Live.’
Georgia police wipe out car trying to flee traffic stop,https://www.foxnews.com/video/6310740838112,A police chase in Georgia ended with the suspect's car getting wiped off the road after the deputy bumped the back of the car with his patrol car. (Credit: Forsyth County Sheriff's Office via TMX)
Los Angeles police find man stabbed to death on running trail,https://www.foxnews.com/video/6310703644112,"No suspect has been arrested in the Studio City stabbing, police said"
HASTY search team trucks arrive,https://www.foxnews.com/video/6310647671112,HASTY search team trucks gather to prepare upon arrival.
Oregon woman demands action from Portland after being shot in face,https://www.foxnews.com/video/6310598842112,Oregon gun violence victim Katie Guzenko is pushing the city council to act after nearly losing her life when she was caught in a crossfire.
Kayleigh McEnany goes off on 'Fancy Nancy's life of privilege',https://www.foxnews.com/video/6310484107112,‘Outnumbered’ co-host Kayleigh McEnany criticizes Speaker Pelosi and husband Paul Pelosi after new details emerge in Paul Pelosi’s DUI.
"WATCH: Inflation Reduction Act won't slow surging prices, Americans say",https://www.foxnews.com/video/6310415150112,"'In Pursuit with John Walsh' host Callahan Walsh shares his thoughts on the recent case where a 12-year-old girl was kidnapped, allegedly by an illegal immigrant with a criminal record, and escaped by chewing through her restraints."
American economy has been 'inflated to death': Victor Davis Hanson,https://www.foxnews.com/video/6310302538112,Hoover Institution senior fellow Victor Davis Hanson speaks on Senator Joe Manchin's support for the Inflation Reduction Act on 'The Ingraham Angle.'
White House denying recession is a ‘reach’: Kudlow,https://www.foxnews.com/video/6310179172112,"‘Kudlow’ host Larry Kudlow unpacks the U.S. economy after entering recession, breaks down the impact of congressional spending through the chips bill, Inflation Reduction Act."
Clay Travis: Lori Lightfoot is the worst mayor in America,https://www.foxnews.com/video/6310062360112,OutKick founder Clay Travis discusses the Chicago Bears' move to relocate over the city's crime.
Most investors have 'accepted' America is in a recession: Vivek Ramaswamy,https://www.foxnews.com/video/6310008938112,Strive Asset Management executive chairman Vivek Ramaswamy speaks on the current state of the economy under the Biden administration on 'Tucker Carlson Tonight.'
Dan Bongino: Dems only talk about news that fits their narrative,https://www.foxnews.com/video/6309927672112,"Host of ‘Unfiltered with Dan Bongino’ Dan Bongino criticizes the left, media’s response to the attack on Rep. Lee Zeldin."
Police officer on kids wanting to be cops: 'There's no way I want my kid out there',https://www.foxnews.com/video/6309871716112,Founder of 'Blue Lives Matter' Joe Imperatrice discusses difficulties the police face with fighting crime across the nation
US 'should be concerned' by Chinese influence in Latin America: military commander,https://www.foxnews.com/world/us-concerned-chinese-influence-latin-america-military-commander,"Gen. Laura Richardson argued that SOUTHCOM overlooks the ""20-yard line"" of US interests, with foreign adversaries already investing far more in the area, she told said at the Aspen Security Forum."
‘Crime is tolerated’ in liberal-run cities: Leo Terrell,https://www.foxnews.com/video/6309718647112,Fox News contributor Leo Terrell slams soft-on-crime policies in liberal cities as crime rates skyrocket.
"Former DC homicide detective says Uvalde, TX community members want accountability",https://www.foxnews.com/video/6309654944112,"Fox News contributor Ted Williams weighs in on the key takeaways from a recent press conference on the Uvalde, Texas, school shooting and the great deal of 'misinformation and false information' on the shooting on 'Fox Report.'"
"San Francisco's plan to surveil private security cameras is 'authoritarian,' says tech oversight advocate",https://www.foxnews.com/video/6309559813112,"Tucker Carlson addresses a New York Times article about Ray Epps, one of the men accused of planning the January 6 riot at the U.S. Capitol on 'Tucker Carlson Tonight.'"
Abortion doctor that leaked Ohio rape case faces HIPAA violation,https://www.foxnews.com/video/6309485716112,Fox News' Aishah Hasnie reports on an Ohio rape case that involved a 10-year-old girl seeking an abortion.
"Armed gunman on parole robs Los Angeles-area Boost Mobile store, police say",https://www.foxnews.com/video/6309395227112,Police stated that an armed gunman on parole robbed Los Angeles-area Boost Mobile store on Monday
Gianno Caldwell delivers eulogy for brother fatally shot in Chicago,https://www.foxnews.com/video/6309331575112,"Fox News contributor Gianno Caldwell delivers a eulogy for his younger brother, Christian, who was fatally shot in Chicago on June 24."
"US cannot value Saudi oil over 'blood of Fallon Smart, Jamal Khashoggi': Father",https://www.foxnews.com/video/6309280283112,"Seth Smart, father of Fallon Smart, urges President Biden to not make deals with Saudi Arabia."
Highland Park shooting: New questions and charges,https://www.foxnews.com/video/6309215012112,"Fox News correspondent Garrett Tenney reports from Waukegan, Ill. on the latest breaking details from the Independence Day parade mass shooting in Highland Park on 'Special Report.'"
Social media 'really needs' to cooperate with law enforcement: Safir,https://www.foxnews.com/video/6309172362112,Former NYPD commissioner Howard Safir suggests how social media companies can prevent mass shootings like the Highland Park shooting on 'Your World.'
Police reveal person of interest in July 4 parade mass shooting,https://www.foxnews.com/video/6309123408112,Law enforcement identify an 'armed and dangerous' person of interest in the Fourth of July parade mass shooting and provide guidance to the public.
Gianno Caldwell: I'm desperate for answers about my brother's murder,https://www.foxnews.com/video/6308821850112,Fox News political analyst Gianno Caldwell joins 'Your World' to speak out about the murder of his 18-year-old brother in Chicago and provide an update on the case.
Fentanyl crisis is 'most bipartisan issue you can find': Dana Perino,https://www.foxnews.com/video/6308657423112,'The Five' panel discusses America's fentanyl crisis and how the government and citizens alike can work to combat drug trafficking.
Rep. Mace: Democrats clearly have a branding problem,https://www.foxnews.com/video/6308452037112,South Carolina Rep. Nancy Mace argues Democrats are pushing for police funding in an attempt to appeal to voters ahead of the 2022 midterms.
Dems ‘opened up the doors’ for skyrocketing crime: Virginia GOP candidate,https://www.foxnews.com/video/6308316456112,"Congressional candidate Yesli Vega, R-Va., shares her primary victory in Virginia’s 7th district and highlights her plan for combatting liberal policies hurting Americans’ communities and quality of life."
Colbert crew arrested for unlawful entry to US Capitol,https://www.foxnews.com/video/6308210559112,Chad Pergram reports on the arrests of 'Late Night with Stephen Colbert' staffers filming on site.
Mizzou alleged frat victim's lawyer: 'This is a slam-dunk hazing case',https://www.foxnews.com/video/6308115013112,The family of 19-year-old brain injury victim Danny Santulli speaks out on the dangers of fraternity hazing and seek justice on 'The Story.'
Illinois police officer fatally shoots man charging at him with a hatchet,https://www.foxnews.com/video/6307749371112,Bodycam footage shows a Naperville police officer firing on a man who appears to suddenly charge him while he was conducting a traffic stop
Crime wave shifts to rural America,https://www.foxnews.com/video/6307634233112,Defense attorney and Fox News contributor Ted Williams weighs in on the nationwide rise in crime and breaks down the potential causes on ‘Fox News Live.’
Connecticut authorities rescue stranded boaters after FaceTime call,https://www.foxnews.com/video/6307523966112,The East Lyme Police Department says two stranded boaters found in the Long Island Sound were rescued following a FaceTime call.
San Francisco voters want 'justice back to our streets’,https://www.foxnews.com/video/6307447047112,The Wounded Blue founder Lt. Randy Sutton on how law enforcement has reacted to the recall of liberal San Francisco D.A.
Concern for judges' safety grows following 'targeted attack' in Wisconsin,https://www.foxnews.com/video/6307364330112,Constitutional law attorney Jonathan Turley discusses the growing calls for stronger judicial protections and provides analysis of the trial of Clinton campaign lawyer Michael Sussmann.
Bill Bennett on teen drug overdose deaths: Federal government needs to ‘act against’ cartels,https://www.foxnews.com/video/6307258500112,Former Education Secretary Bill Bennett joins ‘America’s Newsroom’ to provide insight into the teenage overdose death rate rising.
NYPD searching for several suspects who opened fire in Coney Island,https://www.foxnews.com/video/6307140433112,"At least five people brandished firearms and 36 rounds were fired in a broad daylight shooting on Sunday in Brooklyn, according to the NYPD."
DOJ investigating Texas school shooting as community members demand action from Biden,https://www.foxnews.com/video/6307004703112,Rep. Mariannette Miller-Meeks suggests possible solutions to prevent future mass shootings and shares her message for Memorial Day.
Gregg Jarrett on Michael Sussmann trial: This is the worst jury for a prosecutor,https://www.foxnews.com/video/6306950860112,Fox News legal analyst Gregg Jarrett and attorney for former President Trump Alina Habba deliberate the fate of Hillary Clinton's campaign lawyer.
Police need to be better trained on how to react in these situations: Dan Linskey,https://www.foxnews.com/video/6306897651112,Former Boston Police superintendent-in-chief Dan Linskey on how police responded to the Uvalde school shooting.
Lawmakers debate child safety in school classrooms after Texas school shooting,https://www.foxnews.com/video/6306866423112,"Fox News congressional correspondent Chad Pergram has the latest as lawmakers from both sides of the aisle are on edge after this week's school shooting in Uvalde, Texas."
Democrats see Uvalde shooting as a political asset: Miranda Devine,https://www.foxnews.com/video/6306841128112,Fox News contributor Miranda Devine argues Democrats are not interested in keeping children safe or prohibiting another mass shooting. She also discusses the trial of former Clinton campaign lawyer Michael Sussmann.
Watters calls for change following the tragedy in Texas,https://www.foxnews.com/video/6306820187112,"Fox News host Jesse Watters weighs in on the Uvalde, Texas, school shooting that left 19 children, 3 adults, including shooter dead on 'Jesse Watters Primetime.'"
Texas school shooter's grandmother will be key to investigation: DPS,https://www.foxnews.com/video/6306783445112,"Texas DPS officer Lt. Chris Olivarez on the investigation into the school shooting at Robb Elementary in Uvalde, Texas"
"Following school shooting, Officials have to ponder what can be done differently: Harold Ford Jr.",https://www.foxnews.com/video/6306753835112,"Ari Fleischer, Harold Ford Jr. and Mollie Hemingway react to the elementary school shooting in Texas on 'Special Report.'"
Sussmann defense calling Clinton aide Mook to testify was 'foolish': Jarrett,https://www.foxnews.com/video/6306563885112,Fox News legal analyst Gregg Jarrett breaks down Robby Mook's testimony in the Trump-Russia trial on 'Hannity.'
"Buffalo shooting suspect pleaded not guilty, faces life in prison without parole",https://www.foxnews.com/video/6306267280112,Fox News' Nate Foy and Bill Hemmer provide details about Buffalo shooting suspect Payton Gendron and two of the victims.
"Intimidation tactics should be ‘condemned’ by White House, DOJ: Sen. Johnson",https://www.foxnews.com/video/6306148389112,"Sen. Ron Johnson, R-Wis., details his letter to the Biden administration asking to condemn mobs and violent protests at private properties."
George Gascón recall effort surges past 400K signatures,https://www.foxnews.com/video/6305905335112,Recall Gascón campaign spokesman Tim Lineberger says the LA district attorney is the most despised local politician in California on 'Fox & Friends Weekend.'
Dave Chappelle’s alleged attacker makes first court appearance,https://www.foxnews.com/video/6305729859112,Suspect Isaiah Lee entered a not guilty plea on Friday
Streaming now on Fox Nation: Who is Johnny Depp?,https://www.foxnews.com/video/6305560530112,"Eccentricity and darkness are at the heart of Hollywood icon Johnny Depp's acting persona, but what about when the cameras aren't rolling?"
14-year old suspect arrested for the murder of Lily Peters,https://www.foxnews.com/video/6305325321112,Former federal prosecutor Francey Hakes on the murder case of 10-year old Lily Peters and why she believes this tragedy was preventable.
Chicago police recruit Marines to help solve policing problems,https://www.foxnews.com/video/6305048423001,Chicago Police Foundation Chairman Rick Simon shares the reasons behind Chicago police recruiting Marines to help solve the city's crime problem.
Suspect arrested in murder of Queens mom,https://www.foxnews.com/video/6304643452001,Fox News' Bryan Llenas provides details after NYPD officials confirmed David Bonola was arrested and charged with Orsolya Gaal's murder.
Wilkinsburg police arrest protester,https://www.foxnews.com/video/6304320185001,"Wilkinsburg police arrest a protestor during a rally for Jim Rogers, a homeless man tased to death by police officers."
Black Lives Matter helps nobody except themselves: Tyrus,https://www.foxnews.com/video/6304075514001,'The Five' reacts to NYC Mayor Eric Adams calling out BLM to address crime.
Tucker: Who is Frank James?,https://www.foxnews.com/video/6303866806001,Fox News host reacts to the Brooklyn subway shooting on 'Tucker Carlson Tonight.'
Former NYPD officer: Complacency is our enemy,https://www.foxnews.com/video/6303747642001,Ret. NYPD Officer Bill Stanton reacts to the Brooklyn train shooting on 'Jesse Watters Primetime.'
Sacramento sheriff blasts liberal 'soft-on-crime' policies: Doing nothing to stop criminals,https://www.foxnews.com/video/6303691921001,Sacramento County Sheriff Scott Jones says he's running for Congress to tackle progressive policies that he argues treat criminals like the victim.
Parkland trial: Prospective Nikolas Cruz sentencing juror says she can't be on jury because of 'sugar daddy',https://www.foxnews.com/video/6303132638001,Circuit Judge Elizabeth Scherer dismissed a potential juror for the sentencing of Parkland school shooter Nikolas Cruz after she claimed she didn’t have enough time to fulfill her civic duty because she’s both married and has “a sugar daddy.”
Police officers slam liberal policies that resulted in rise in crime,https://www.foxnews.com/video/6302540568001,"President of Chicage FOP John Catanzara, Jr. and retired NYPD Detective Angel Maysonet respond to the rise in violent crimes occurring in their cities and a new poll showing pro-police candidates are the most popular."
Miami Beach Hotelier Mitch Novick discusses impact of city's state of emergency declared over spring break,https://www.foxnews.com/video/6301974502001,Miami Hotelier Mitch Novick spoke with Fox News about how the order is impacting business owners like him
Gutfeld: Here's why progressives 'deny' crime,https://www.foxnews.com/video/6301127734001,'The Five' panelists weigh in on the soaring crime waves in San Francisco and across the nation.
Ingraham: High gas price-induced self-restrictions are 'Biden's new lockdown',https://www.foxnews.com/media/ingraham-angle-gas-crisis-biden-new-lockdown-covid-jimmy-carter,"In her ""Ingraham Angle"" commentary on Wednesday, host Laura Ingraham explained how, with the federal coronavirus emergency subsiding, President Biden and his administration need a new way to lock down the populace and keep them in their control."
Kyiv resident raced family to safety after Russian attack: 'Normal life is gone',https://www.foxnews.com/video/6299184393001,Former Ukraine First Deputy Minister of Economy Max Nefyadov describes the situation on the ground in the Ukraine capital on 'America Reports.'
Fare Evader Gets Caught,https://www.foxnews.com/video/6298536164001,Fare evader gets caught at Herald Square. Video credit: Steven Hirsch for Fox News Digital
Eric Shawn: A plea to politicians from a mother whose son was murdered by a 17-year-old,https://www.foxnews.com/video/6298173959001,Donna Nolan blames bail reform for letting killers out... and tells New York state leaders they need to stop helping criminals.
Girl missing since 2019 found alive under staircase,https://www.foxnews.com/video/6297813779001,Fox Nation host Nancy Grace sounds off on the abduction case.
"VA Lt. Gov. Sears on mask mandates, Biden's search for Supreme Court Justice",https://www.foxnews.com/video/6297297576001,"Winsome Sears weighs in on Biden's plan to pick a Black woman for the Supreme Court, noting that she hopes that the president will choose a judge who respects the Constitution, will uphold the law, judge fairly and not be partisan."
Chicago teachers slam Lightfoot after mayor blames remote learning for rise in carjacking crimes,https://www.foxnews.com/video/6296563891001,The Chicago Teachers Union responded after Chicago Mayor Lori Lightfoot said there was a correlation between remote learning and a rise in car thefts involving juveniles.
Study indicates fentanyl deaths doubled in 30 states amid border crisis,https://www.foxnews.com/video/6296056621001,Fox News medical contributor Dr. Marc Siegel joined 'Fox & Friends First' to discuss the number of fentanyl deaths spiking in over two dozen states amid the border crisis.
Another Biden nominee exposed as far-left radical,https://www.foxnews.com/video/6295342468001,Chuck Devore tells Laura Ingraham that Federal Vice Chair nominee Sarah Bloom Raskin is proposing to use the awesome power of regulatory rules of unelected bureaucrats to do things that Congress hasn’t even wanted to do.
"Police need to be ‘invested’ in, not defunded: Rep. Gottheimer",https://www.foxnews.com/video/6294972170001,"Rep. Josh Gottheimer, D-N.J., joins ‘America’s Newsroom’ to provide insight into Democrats pushing for a police funding bill."
"As homicides spike in U.S. cities, a New Orleans church remembers victims with a ""murder board""",https://www.foxnews.com/video/6294696141001,"Hundreds of more Americans are being killed in the streets of big cities. A ""murder board"" that stands outside a church in New Orleans tells the story of over a decade's worth or murders in South Louisiana."
Officer Jason River mourned at St. Patrick's Cathedral funeral,https://www.foxnews.com/video/6294230295001,Fox News correspondent Bryan Llenas has the details on 'America Reports.'
"California burglars smash storefront with car, steal cash and jewelry",https://www.foxnews.com/video/6294011783001,"Two masked men looted a jewelry business in Escondido, California, after ramming the storefront with what police say was a stolen vehicle."
NYC Mayor Adams announces new plan to combat crime,https://www.foxnews.com/video/6293522050001,Retired NYPD Detective Angel Maysonet urges Mayor Adams and DA Bragg to focus on holding criminals accountable.
"Eric Shawn: No cops, no jails... NYC council member has demanded",https://www.foxnews.com/video/6293110775001,"Former NYPD Commissioner Ray Kelly on council member Kristin Richardson Jordan, who represents Harlem district where deadly police ambush took place, who wants NYPD abolished"
Baby in critical condition after Bronx gun fight,https://www.foxnews.com/video/6292747377001,"An 11-month-old baby girl was shot in the face while sitting in a parked car in the Bronx, police said; Bryan Llenas reports on the latest."
Elected officials took a hands-off approach to public safety: LAPD officer,https://www.foxnews.com/video/6292441473001,Deon Joseph urges officials to stop making police the enemy and invest in crime control on ‘The Story.’
North Carolina police release bodycam video showing aftermath of Jason Walker shooting,https://www.foxnews.com/video/6292114752001,The Fayetteville Police Department released some body camera footage in the interest of transparency after the shooting of a Black man by an off-duty Cumberland County deputy.
"Graphic content warning: Woman brutally beaten, stabbed in caught-on-camera NYC attack",https://www.foxnews.com/video/6291790111001,"Police are looking for two men seen on video repeatedly punching, kicking and stabbing a young woman in the Bronx, NY."
Manhattan DA Bragg is ‘Trojan horse’ and enemy of public safety: Law enforcement veteran,https://www.foxnews.com/video/6291255688001,Wounded Blue Founder Lieutenant Randy Sutton reacts to Manhattan District Attorney Alvin Bragg defending his crime policies.
Supreme Court set to review Biden mandates,https://www.foxnews.com/video/6290378883001,Senior national correspondent Rich Edson highlights the vaccine mandate debate and what to expect as the Supreme Court gears up to hear oral arguments.
Progressive policing behind rising crime: Horace Cooper,https://www.foxnews.com/video/6289921466001,The Project 21 co-chair and Democratic strategist Kevin Walling discuss and diagnose record homicide rates in 2021 on 'Fox News @ Night.'
Two men indicted by Durham will go on trial in 2022,https://www.foxnews.com/video/6289305145001,Former Federal Prosecutor James Trusty details what to expect in 2022 as two men have been indicted as a result of the Durham probe into the roots of the Trump-Russia investigation
Pastor Corey Brooks hired former gangsters for violence prevention mission in Chicago,https://www.foxnews.com/video/6288940268001,"The pastor and host of 'Rooftop Revelations,' a 100-day vigil to raise funds for a community center, discusses how he works to save one life at a time in Chicago on 'Hannity.'"
Outcome reached in Kim Potter trial,https://www.foxnews.com/video/6288356541001,Criminal defense attorney Mark Eiglarsh explains that an 'outcome' doesn't necessarily mean jurors have reached a verdict and discusses the next steps if the jury is hung.
Mississippi town cancels Christmas parade as shooting rise,https://www.foxnews.com/video/6287977000001,"Crawford, Mississippi Mayor Willie Parson says she did not want any violent incidents like what happened in Waukesha, Wisconsin."
"Biden, White House don't address real issues on crime: former Detroit police chief",https://www.foxnews.com/video/6287388506001,James Craig lays the nationwide crime wave at the feet of certain key Democrats on ‘Your World.’
"Americans want change, strong leadership as crime soars: Former Detroit police chief",https://www.foxnews.com/video/6286990654001,GOP Michigan gubernatorial candidate James Craig joined 'The Faulkner Focus' to discuss brazen crime across the country as the number of murders breaks records in Chicago and Philadelphia.
"Manhattan Institute fellow slams Mayor de Blasio over misleading crime statistic, dismissing NYC violence spike",https://www.foxnews.com/video/6286611146001,Rafael Mangual reacts to the New York City mayor’s dismissal of crime in the Big Apple.
Concha: Liberal media wanted to believe Jussie Smollett,https://www.foxnews.com/video/6286158698001,Fox News contributor Joe Concha says liberal media pushed Smollett's original story because they 'wanted to believe it.' He also slams President Biden's 'scripted presidency' after he appeared to read a teleprompter cue out loud.
California GOP chair: 'People in this state want law and order',https://www.foxnews.com/video/6285949822001,California Republican Party chairwoman Jessica Millan Patterson on why the rise in crime is a direct result of Democratic leadership.
Jack Brewer slams Jussie Smollett for using race to divide: It's 'unbelievable' people are supporting him,https://www.foxnews.com/video/6285771244001,"The Brewer Group CEO, Jack Brewer, joined 'Fox & Friends First' to discuss the Jussie Smollett case."
Eric Shawn: A call for a Jewish civil rights movement,https://www.foxnews.com/video/6285337392001,The Lawfare Project executive director Brooke Goldstein on the shocking rise of anti-Semitic attacks in America
Michigan school shooting suspect's parents face involuntary manslaughter charges,https://www.foxnews.com/video/6285061593001,Prosecutor details allegations surrounding Ethan Crumbley's parents
San Francisco business owner on struggle to afford private security: 'It's just not feasible',https://www.foxnews.com/video/6284683743001,CrossFit Golden Gate Gym Owner Danielle Rabkin joined 'Fox & Friends' to discuss the crime wave and how it is impacting business owners in the city.
NYC man arrested 3 times in 36 hours as Democrats face backlash over bail reform,https://www.foxnews.com/video/6284353829001,The homeless man reportedly boasted to police about being released.
Ahmaud Arbery verdict 'a big victory for race relations': Brian Claypool,https://www.foxnews.com/video/6283679984001,The criminal defense attorney discussed the Ahmaud Arbery homicide trial guilty verdict with retired police lieutenant Randy Sutton on 'Fox News @ Night'
Democrat slams radical dems: 'These elected officials should be arrested for negligence',https://www.foxnews.com/video/6283540580001,"Former New York State Assemblyman Dov Hikind (D) on AOC and other members of the squad pushing for bail reform following the Waukesha tragedy, arguing that 'they are responsible for caring more about criminals than they care about citizens'"
Media top headlines November 23,https://www.foxnews.com/video/6283391092001,"In media news today, NBC suggests not having Thanksgiving this year, CBS' 'Face the Nation' corrects claim Rittenhouse crossed state lines while armed, and more"
Father of NYC shooting victim urges officials to crack down on crime,https://www.foxnews.com/video/6283282637001,Jason Williams speaks out on the family’s ‘pain and suffering’ in the year following Ethan Williams’ murder in New York City.
"Haitian gang releases 2 Christian missionaries held hostage, 15 still being held",https://www.foxnews.com/us/christian-missionary-group-announces-two-hostages-released-from-haiti,A Christian missionary group announced that two of its 17 missionaries have been released after being held hostage by a Hatian gang.
Leo Terrell blasts de Blasio over response to Rittenhouse verdict,https://www.foxnews.com/video/6282823039001,Civil rights attorney Leo Terrell offers analysis on 'The Story'
"What MSNBC did to Rittenhouse jurors is 'very wrong,' should be punished: Attorney",https://www.foxnews.com/video/6282639907001,Criminal defense attorney Mark Eiglarsh reacts to allegations a MSNBC freelancer followed a bus transporting the Kyle Rittenhouse jury.
California prosecutors push for drug dealers to face murder charges for overdose deaths,https://www.foxnews.com/video/6282432180001,"Fox News' Christina Coleman reports the latest on the effort from Los Angeles, California."
Team of incompetents,https://www.foxnews.com/video/6282180771001,The lightweights behind Biden are wreaking havoc on our lives
BLM leader threatens 'bloodshed' if undercover police return to NYC,https://www.foxnews.com/video/6281726414001,Fox News correspondent Bryan Llenas has the details from New York City on 'Special Report.'
EXCLUSIVE: Spokesperson for Kyle Rittenhouse talks to Laura Ingraham,https://www.foxnews.com/video/6281392445001,Rittenhouse Spokesperson: Media doesn’t want to know the facts because then they have to say the truth.
Texas 19-year-old with special needs dies after fatal prison attack,https://www.foxnews.com/video/6280322855001,"A 19-year-old inmate with special needs at the Harris County Jail has died after allegedly being brutally attacked by another inmate, according to his family's attorney."
Hate crimes on the rise in America’s houses of worship,https://www.foxnews.com/video/6279700588001,Theologian Russell Moore urges Americans to stand up to ‘hatred and violence’ against all religions on ‘Sunday Night in America.’
Texas police reveal 'heartbreaking' details of abused kids living alone with dead brother: 'Horrific',https://www.foxnews.com/us/texas-police-horrific-details-corpse-boy-brothers-alone-apartment,The Texas sheriff's office investigating the murder of an 8-year-old boy who was left to decay in an apartment revealed has released new details on the “horrific” case.
Nancy Grace: Details surrounding Brian Laundrie's remains are 'all very vague in my mind',https://www.foxnews.com/video/6278661222001,Watch 'A Gabby Petitio Investigation with Nancy Grace Part 2' exclusively on Fox Nation
Rand Paul: Lightfoot’s vaccine mandate is a disservice to our first responders,https://www.foxnews.com/video/6278062041001,Kentucky senator sounds off on Chicago’s mandates causing the city to prepare for possible police shortage.
Former police sergeant reacts to deadly officer shooting in Houston: 'We have to do something about this',https://www.foxnews.com/video/6277548557001,"Congressional candidate in Texas, Tre Pennie, argued electing the right politicians is key to counteract anti-police rhetoric."
Family of slain woman slams judge for releasing suspect,https://www.foxnews.com/video/6277053329001,"Andrew Williams had been out on bond stemming from another capital murder case, report says"
Mother demands more NYC cops: Gun violence should not be end of child's life,https://www.foxnews.com/video/6276714934001,"Eve Hendricks, who lost 17-year-old son to a shooting, on the fight for safer streets in New York City."
"Brian Laundrie 'needs to turn himself in,' can’t ‘hide forever,' ex-fugitive says",https://www.foxnews.com/video/6276147040001,Ex-convict-turned-writer-and-producer Seth Ferranti on the search for Gabby Petito's fiancé.
Biden 'wrong' when blaming Republicans for 'his failings': Rep. Comer,https://www.foxnews.com/video/6275621828001,"The president pointing fingers at Republicans, moderate Democrats for his agenda and debt ceiling woes. Rep. James Comer, R-Ky., with reaction on 'Fox & Friends First.'"
Appalachian Trail hiker claims he saw Brian Laundrie in Tennessee,https://www.foxnews.com/video/6275361612001,A Florida man hiking the Appalachian Trail claims he saw Brian Laundrie driving in a white pickup truck around 12:30 a.m. ET on Saturday in Tennessee near the North Carolina border.
Lawrence Jones takes an inside look into Idaho's fentanyl crisis,https://www.foxnews.com/video/6274925781001,Fox News enterprise reporter Lawrence Jones goes to Idaho while state sees a massive increase in fentanyl overdose deaths
Philadelphia sees over 400 homicides so far in 2021,https://www.foxnews.com/video/6274564751001,Criminal justice attorney Bill Brennan says the violence in the City of Brotherly Love is a crisis.
Virginia police officer works to keep historic battlefield preserved,https://www.foxnews.com/video/6274298808001,Lt. Damon Radcliffe shares his family's story and where the origins of his bravery come from
Indiana law enforcement fights back against Chicago criminals,https://www.foxnews.com/video/6273864853001,Officers use high-tech solutions to catch suspects across Illinois-Indiana border
911 call reveals Laundrie hit Petito during August dispute,https://www.foxnews.com/video/6273549978001,Former New York City Administration for Children's Services acting chief Ed Gavin believes police 'dropped the ball' on protecting Gabby Petito.
Abused gymnasts spark outrage,https://www.foxnews.com/video/6273272639001,Media pounce on FBI failures
Fentanyl seizures at border up 34% in a year,https://www.foxnews.com/video/6272826280001,"Rep. Diana Harshbarger, R-Tenn., addresses border crisis, says agents have seized 'unimaginable' amounts of fentanyl"
Retired NYPD officers reflect on working at Ground Zero 20 years ago,https://www.foxnews.com/video/6271902995001,"NYPD former Detective Oscar Odom, retired Detective Angel Maysonet and former Lt. Darrin Porcher share their 9/11 experiences on 'Fox & Friends First.'"
Clay Travis: 'We don't want teachers turning students into far left-wing zealots',https://www.foxnews.com/video/6270488977001,"Outkick's Clay Travis rips teacher for promoting Antifa in classroom, says this is happening around the country"
Harsh media sendoff for Cuomo,https://www.foxnews.com/video/6268050634001,Once-adoring press pans resignation speech
Dems may move to impeach Cuomo following resignation,https://www.foxnews.com/video/6267486876001,National correspondent Bryan Llenas reports on the latest surrounding New York governor Andrew Cuomo's resignation.
Britney Spears' dad argues 'no grounds' for conservatorship removal,https://www.foxnews.com/video/6267031483001,Attorney Janine Atamian on the latest developments in Britney Spears' conservatorship case
Father of murdered SC college student speaks out after man receives life sentence,https://www.foxnews.com/video/6266650896001,"Seymour Josephson, whose daughter Samantha was abducted and murdered after getting into a car she thought was an Uber, says it's a 'relief' her killer 'won't be able to do this again.'"
Gov. Cuomo's denial shows he 'does not want to leave office': Leo Terrell,https://www.foxnews.com/video/6266402891001,Civil rights attorney Leo Terrell explains the implications of New York governor Andrew Cuomo’s response to AG findings.
Criminals don't care about social programs they care about committing crimes: Safir,https://www.foxnews.com/video/6266131798001,Former NYC police Commissioner Howard Safir warns the country is going back to the 'bad old days' with latest policing measures
"Cops have been attacked, demonized by city councils in major cities: DC Police Union chair",https://www.foxnews.com/video/6265726088001,DC Police Union chairman Gregg Pemberton argues misguided legislation on law enforcement has resulted in more officers retiring nationwide
Gun control has shown throughout history 'it's racist': Antonia Okafor Cover,https://www.foxnews.com/video/6265397411001,"Atonia Okafor Cover, national spokesperson for Gun Owners of America, argues the U.S. should be 'pushing equality through the 2nd Amendment.'"
"Notable Quotables for Friday, July 23",https://www.foxnews.com/video/6264953429001,Bret Baier highlights the best soundbites from another memorable week in the news
"Fentanyl seizures at border skyrocket, 78 percent higher than 2020 fiscal year: CBP",https://www.foxnews.com/video/6264708641001,'Fox & Friends First' panel with reaction.
Rep. Zeldin explains what he believes are reasons for spike in NYC anti-Semitic attacks,https://www.foxnews.com/video/6264176638001,"Rep. Lee Zeldin, R-N.Y., GOP candidate for governor of New York, weighs in on the rise in Anti-Semitic attacks in New York City and reacts to outpacing Gov. Andrew Cuomo in the gubernatorial fundraising fight."
NYC man doused with caustic liquid in ambush attack caught on video,https://www.foxnews.com/video/6263560055001,Authorities are looking for a suspect caught on video dousing a man with liquid from behind
Ex-Minneapolis officer says crime surge 'seems to be out of control',https://www.foxnews.com/video/6263260194001,"Retired Minneapolis police officer Mylan Masson warns that while the city currently is not 'as bad' as Chicago, it 'certainly could be' unless the crime surge is addressed."
U. of Chicago student on peer who was killed by stray bullet: ‘Viciously and senselessly gunned down’,https://www.foxnews.com/video/6262853514001,"Audrey Unverferth discusses the death of Max Lewis, who was killed by a stray bullet while commuting home from an internship"
San Francisco DA official says crime surge fears are linked to racism,https://www.foxnews.com/video/6262556552001,A senior official in the San Francisco District Attorney's office links fears of a crime surge to racism; Fox News contributor Leo Terrell reacts.
"GOP to make border crisis, violent crime spike key issues in 2022 midterms",https://www.foxnews.com/video/6261912035001,'Next Revolution' host Steve Hilton explains why Republicans attacking Democrats on the border issue could be a smart strategy.
'The Five' react to White House blaming Republicans for defunding police,https://www.foxnews.com/video/6261598968001,Biden administration attempts to cast GOP as party who wants to cut police budgets; reaction on 'The Five'
Trey Gowdy: What use is any of our freedoms if you're dead,https://www.foxnews.com/video/6261298009001,'Sunday Night in America' host says the most important role of government is to keep Americans safe
Media top headlines June 25,https://www.foxnews.com/video/6260984904001,"Biden acting bizarre and whispering at a press conference, a Reuters survey showing that the US has the lowest levels of public trust in the media among 46 countries, and more round out today's top media headlines"
‘Taking away guns from law-abiding citizens is not the answer’ to rising crime: Nebraska governor,https://www.foxnews.com/video/6260642149001,Republican Governor Pete Ricketts urges Biden to recant ‘defund the police’ movement and not target legal gun owners ahead of anti-crime strategy announcement
"Tucker: This is America, not a 'third-world hell hole'",https://www.foxnews.com/video/6260036630001,'Tucker Carlson Tonight' host says rise in crime can be blamed on bad leadership across the country
"Father, son graduate Texas police academy together",https://www.foxnews.com/video/6259711390001,"Father-son police officers Winston and Christian Edmondson share their experience after graduating from the Lake Dallas, Texas police academy together"
Chicago alderman blasts city leaders for 'little accountability' amid spike in crime,https://www.foxnews.com/video/6259272268001,Chicago alderman Anthony Napolitano points out the exit rate in the city is 'astronomical right now' due to leadership.
Biden's $4B program for socially disadvantaged farmers halted by judge,https://www.foxnews.com/video/6258778597001,Dairy farmer Adam Faust files lawsuit and claims the president's race-based federal relief effort is 'racist.'
"Homicides skyrocket in Indianapolis as criminals break law while out on bail, wearing ankle bracelets",https://www.foxnews.com/video/6258199696001,'Fox & Friends' enterprise reporter Lawrence Jones sits down with family of Ashley Richardson who was killed by her ex-boyfriend while he was awaiting trial
"NYC sees weekend of violence, protests amid crime spike",https://www.foxnews.com/video/6257770072001,New York City sees weekend of gun violence and crime as NYPD on Saturday responds to park protest in riot gear. Fox News contributor Ted Williams calls on law enforcement to stop being depicted as 'the enemy of the people.'
How social media fuels anti-Semitism,https://www.foxnews.com/video/6256996767001,Journalist Eve Barlow on how social media and celebrities contribute to attacks on Jewish people amid the Israel-Hamas conflict
Biden's $6 trillion spending plan includes extensive tax hikes,https://www.foxnews.com/video/6256505209001,Fox News correspondent Mark Meredith has the latest from the White House on 'Special Report'
Motive remains a mystery in San Jose mass shooting,https://www.foxnews.com/video/6256166511001,Fox News correspondent Claudia Cowan joins 'Special Report' with the latest on the workplace massacre
'The Five' slam Dems ripping Israel amid rise in anti-Semitic attacks,https://www.foxnews.com/video/6255827221001,Sen. Bernie Sanders blasts aid to Israel saying America is 'supplying weapons of war to kill children;' 'The Five' react
Nancy Pelosi slammed for attending WH event without mask,https://www.foxnews.com/video/6255354426001,"House speaker panned for 'hypocrisy' for not wearing a face covering, while insisting on mask mandate inside the Capitol."
Gaetz associate to plead guilty to federal charges,https://www.foxnews.com/video/6254602570001,"Joel Greenberg, a former Seminole County official and an associate of Rep. Matt Gaetz, is expected to plead guilty to six federal charges and faces 12 years in prison. Gaetz has not been charged and denies all allegations."
Dan Bongino: Leftists believe stereotyping is OK when it comes to police,https://www.foxnews.com/video/6253511078001,Fox News contributor Dan Bongino reacts to the Times Square shooting involving a 4-year-old girl.
"New Orleans zoo cancels pro-police event, cites community concern",https://www.foxnews.com/video/6252808819001,FOX News contributor Raymond Arroyo joins 'The Ingraham Angle' for the latest edition of 'Seen and Unseen'
‘Where is the follow-up?’: Bongino slams “60 Minutes” for refusing to ask Blinken tough questions on border crisis,https://www.foxnews.com/video/6252065468001,Fox News contributor Dan Bongino discusses media coverage of Biden’s border policies and crime surges across major U.S. cities.
'It is significant' Brown shooting video is released right away: Ted Williams,https://www.foxnews.com/video/6250881758001,A judge could rule to order the release of body camera footage in the Andrew Brown Jr. case; Fox News contributor Ted Williams provides insight on ‘America’s Newsroom.’
Police officers being attacked in 'astounding numbers' and the blame is clear: Randy Sutton,https://www.foxnews.com/video/6250521155001,Former Las Vegas Police Lt. Randy Sutton addresses police officers around the country quitting amid a 'war on cops.'
"LeBron cop tweet 'reckless, dangerous': Fraternal Order of Police National VP",https://www.foxnews.com/video/6250023836001,Critics accuse the NBA All-Star of inciting violence. Fraternal Order of Police National Vice President weighs in on 'Fox & Friends.'
Dinesh D'Souza: Left's end goal is 'destruction of an institution',https://www.foxnews.com/video/6249765532001,Texas GOP Chairman Allen West and D'Souza react to left's push to convict US of 'systematic racism' on 'The Ingraham Angle'
Ted Williams refutes AOC: System worked exactly how it was supposed to,https://www.foxnews.com/video/6249592906001,'Fox News @ Night' panel discuss what to expect in the aftermath of the Derek Chauvin verdict
Minnesota state Sen. Osmek on push to penalize protesters,https://www.foxnews.com/video/6249471887001,State Sen. David Osmek on introducing bill that would prevent protesters who carry out criminal activity from receiving aid.
"San Antonio police officer shot in hand; 2 suspects dead, third injured",https://www.foxnews.com/video/6249204025001,"A San Antonio, Texas, police officer was shot in the hand before he killed two suspects and injured a third during a gunfire exchange, authorities said."
Los Angeles County DA facing ‘no confidence’ backlash,https://www.foxnews.com/video/6249060484001,Pico Rivera becomes third county community to oppose District Attorney George Gascón's liberal policies. Councilman Andrew Lara reacts.
Washington DC protesters chant 'burn the precinct to the ground',https://www.foxnews.com/video/6248911751001,Chant heard during demonstrations following Daunte Wright's death
McEnany on Minnesota shooting: Officer deserves 'due process and fairness',https://www.foxnews.com/video/6248681651001,Former White House press secretary discusses the Daunte Wright shooting on 'The Story'
"Honk for Justice, or else",https://www.foxnews.com/video/6246672309001,"Amid the trial of Derek Chauvin in Minneapolis, Black Lives Matter activists take to the streets."
Derek Chauvin trial includes graphic bodycam footage of George Floyd's death,https://www.foxnews.com/video/6245833603001,FOX News national correspondent Matt Finn joins 'Special Report' with the details from Minneapolis
We’re helping diverse communities achieve the American Dream: ASIAN Inc. president,https://www.foxnews.com/video/6244845074001,Lamar Heystek on anti-Asian hate in America
